,index,week,date,cases,temperature,pressure,humidity,precipitation
0,0,2016-1,2016-01-10,19.0,303.4371428571429,1012.2857142857143,71.42857142857143,1.02
1,1,2016-2,2016-01-17,23.0,303.90857142857146,1012.8571428571429,65.57142857142857,0.0
2,2,2016-3,2016-01-24,31.0,302.2514285714286,1014.4285714285714,76.85714285714286,32.85
3,3,2016-4,2016-01-31,26.0,302.7785714285714,1011.1428571428571,75.14285714285714,17.05
4,4,2016-5,2016-02-07,10.0,303.2857142857143,1012.4285714285714,70.57142857142857,3.7
5,5,2016-6,2016-02-14,11.0,301.53428571428566,1014.1428571428571,80.0,66.56
6,6,2016-7,2016-02-21,10.0,302.63571428571424,1014.4285714285714,73.0,9.690000000000001
7,7,2016-8,2016-02-28,18.0,303.13571428571424,1013.2857142857143,73.28571428571429,1.17
8,8,2016-9,2016-03-06,12.0,304.66857142857145,1012.1428571428571,66.0,1.03
9,9,2016-10,2016-03-13,14.0,304.7657142857143,1012.0,63.0,0.0
10,10,2016-11,2016-03-20,11.0,305.38428571428574,1012.5714285714286,60.0,0.0
11,11,2016-12,2016-03-27,8.0,305.65000000000003,1013.4285714285714,61.285714285714285,1.12
12,12,2016-13,2016-04-03,5.0,306.35857142857145,1012.1428571428571,59.285714285714285,0.78
13,13,2016-14,2016-04-10,13.0,306.46714285714285,1010.5714285714286,60.0,10.09
14,14,2016-15,2016-04-17,7.0,306.69428571428574,1011.4285714285714,55.57142857142857,0.61
15,15,2016-16,2016-04-24,8.0,306.43142857142857,1009.8571428571429,59.42857142857143,6.08
16,16,2016-17,2016-05-01,8.0,306.75857142857143,1010.5714285714286,61.142857142857146,7.86
17,17,2016-18,2016-05-08,8.0,306.9557142857143,1009.2857142857143,57.42857142857143,1.54
18,18,2016-19,2016-05-15,6.0,306.2857142857143,1008.8571428571429,60.57142857142857,21.58
19,19,2016-20,2016-05-22,13.0,304.46571428571434,1010.7142857142857,68.85714285714286,41.53
20,20,2016-21,2016-05-29,10.0,304.40285714285716,1010.2857142857143,71.42857142857143,52.44
21,21,2016-22,2016-06-05,9.0,303.9971428571429,1011.0,73.57142857142857,39.76
22,22,2016-23,2016-06-12,12.0,304.25714285714287,1010.0,72.28571428571429,30.66
23,23,2016-24,2016-06-19,7.0,303.0285714285714,1008.8571428571429,75.42857142857143,106.15
24,24,2016-25,2016-06-26,20.0,302.4242857142857,1010.1428571428571,78.85714285714286,82.27000000000001
25,25,2016-26,2016-07-03,12.0,301.4342857142857,1009.1428571428571,87.0,120.76
26,26,2016-27,2016-07-10,20.0,303.4614285714286,1009.8571428571429,75.28571428571429,26.35
27,27,2016-28,2016-07-17,31.0,304.0285714285714,1009.7142857142857,73.85714285714286,21.36
28,28,2016-29,2016-07-24,53.0,302.7757142857143,1008.2857142857143,77.14285714285714,60.86
29,29,2016-30,2016-07-31,104.0,301.64285714285717,1008.1428571428571,84.14285714285714,95.67999999999999
30,30,2016-31,2016-08-07,129.0,301.84285714285716,1008.5714285714286,84.0,73.78999999999999
31,31,2016-32,2016-08-14,122.0,303.0414285714286,1007.1428571428571,81.28571428571429,56.86
32,32,2016-33,2016-08-21,159.0,302.01000000000005,1007.0,83.28571428571429,103.41
33,33,2016-34,2016-08-28,145.0,303.96714285714285,1009.7142857142857,76.14285714285714,18.45
34,34,2016-35,2016-09-04,141.0,302.34285714285716,1009.8571428571429,79.71428571428571,111.6
35,35,2016-36,2016-09-11,89.0,302.23,1008.7142857142857,80.85714285714286,48.75
36,36,2016-37,2016-09-18,92.0,302.46999999999997,1009.0,79.28571428571429,55.89
37,37,2016-38,2016-09-25,104.0,301.8771428571428,1008.2857142857143,83.0,93.47
38,38,2016-39,2016-10-02,68.0,302.1942857142857,1008.5714285714286,79.85714285714286,118.95
39,39,2016-40,2016-10-09,61.0,301.94571428571425,1008.1428571428571,80.71428571428571,81.58
40,40,2016-41,2016-10-16,27.0,302.45,1008.0,80.71428571428571,80.8
41,41,2016-42,2016-10-23,41.0,303.0,1009.5714285714286,78.85714285714286,17.55
42,42,2016-43,2016-10-30,27.0,301.01000000000005,1008.4285714285714,84.42857142857143,110.42
43,43,2016-44,2016-11-06,26.0,302.84000000000003,1011.5714285714286,73.57142857142857,0.79
44,44,2016-45,2016-11-13,19.0,302.7057142857143,1009.0,78.42857142857143,39.8
45,45,2016-46,2016-11-20,13.0,302.69,1008.1428571428571,79.28571428571429,135.89
46,46,2016-47,2016-11-27,17.0,302.80571428571426,1010.5714285714286,79.14285714285714,10.4
47,47,2016-48,2016-12-04,14.0,302.0442857142857,1008.2857142857143,80.14285714285714,19.12
48,48,2016-49,2016-12-11,13.0,301.61285714285714,1010.1428571428571,82.71428571428571,60.269999999999996
49,49,2016-50,2016-12-18,4.0,302.0828571428571,1009.4285714285714,79.42857142857143,8.19
50,50,2016-51,2016-12-25,10.0,303.1114285714285,1009.4285714285714,76.0,10.99
51,51,2017-52,2017-01-01,1.0,302.1642857142857,1009.2857142857143,79.28571428571429,11.31
52,52,2017-1,2017-01-08,7.0,300.62,1008.1428571428571,83.57142857142857,107.80000000000001
53,53,2017-2,2017-01-15,13.0,300.6114285714286,1011.4285714285714,81.57142857142857,41.37
54,54,2017-3,2017-01-22,9.0,301.7485714285714,1013.0,77.42857142857143,2.24
55,55,2017-4,2017-01-29,7.0,301.73285714285714,1010.0,79.14285714285714,14.459999999999999
56,56,2017-5,2017-02-05,8.0,301.65142857142854,1009.5714285714286,73.57142857142857,1.99
57,57,2017-6,2017-02-12,6.0,300.9985714285714,1015.0,73.28571428571429,5.98
58,58,2017-7,2017-02-19,6.0,302.4414285714286,1012.0,75.42857142857143,5.63
59,59,2017-8,2017-02-26,6.0,302.86428571428576,1010.2857142857143,71.0,0.74
60,60,2017-9,2017-03-05,4.0,301.4342857142857,1009.8571428571429,74.42857142857143,24.14
61,61,2017-10,2017-03-12,3.0,302.0885714285714,1011.4285714285714,77.57142857142857,25.02
62,62,2017-11,2017-03-19,3.0,303.09142857142854,1012.1428571428571,71.85714285714286,12.74
63,63,2017-12,2017-03-26,2.0,302.32,1012.7142857142857,79.57142857142857,21.310000000000002
64,64,2017-13,2017-04-02,1.0,302.54,1011.5714285714286,78.57142857142857,49.300000000000004
65,65,2017-14,2017-04-09,3.0,304.0942857142857,1010.5714285714286,70.14285714285714,8.01
66,66,2017-15,2017-04-16,0.0,303.8342857142857,1011.0,73.0,13.64
67,67,2017-16,2017-04-23,2.0,304.7528571428571,1010.4285714285714,67.28571428571429,5.65
68,68,2017-17,2017-04-30,4.0,305.15714285714284,1011.2857142857143,69.71428571428571,13.1
69,69,2017-18,2017-05-07,2.0,304.54857142857145,1010.4285714285714,74.71428571428571,19.17
70,70,2017-19,2017-05-14,0.0,303.88571428571424,1008.7142857142857,75.42857142857143,30.380000000000003
71,71,2017-20,2017-05-21,0.0,303.00428571428574,1008.5714285714286,81.57142857142857,111.51
72,72,2017-21,2017-05-28,3.0,304.0128571428572,1009.5714285714286,76.85714285714286,44.37
73,73,2017-22,2017-06-04,1.0,302.84999999999997,1009.7142857142857,79.14285714285714,96.5
74,74,2017-23,2017-06-11,3.0,303.5728571428571,1010.4285714285714,76.28571428571429,21.8
75,75,2017-24,2017-06-18,2.0,303.1457142857143,1009.8571428571429,77.57142857142857,44.71
76,76,2017-25,2017-06-25,3.0,302.9542857142857,1009.7142857142857,77.28571428571429,53.08
77,77,2017-26,2017-07-02,4.0,302.24571428571426,1010.5714285714286,78.0,35.84
78,78,2017-27,2017-07-09,7.0,302.1871428571429,1010.2857142857143,78.85714285714286,85.59
79,79,2017-28,2017-07-16,10.0,301.61428571428576,1010.2857142857143,84.14285714285714,101.67
80,80,2017-29,2017-07-23,13.0,301.84857142857146,1008.4285714285714,84.28571428571429,78.53
81,81,2017-30,2017-07-30,17.0,302.49142857142857,1008.7142857142857,82.28571428571429,65.22
82,82,2017-31,2017-08-06,24.0,303.59142857142854,1010.0,74.71428571428571,49.62
83,83,2017-32,2017-08-13,24.0,302.54285714285714,1009.4285714285714,78.71428571428571,71.22
84,84,2017-33,2017-08-20,26.0,301.46714285714285,1008.1428571428571,83.71428571428571,79.37
85,85,2017-34,2017-08-27,28.0,303.0671428571428,1008.4285714285714,78.0,45.36
86,86,2017-47,2017-09-03,0.0,303.56142857142856,1009.7142857142857,75.28571428571429,28.91
87,87,2017-35,2017-09-10,18.0,302.2471428571429,1009.0,81.42857142857143,95.67
88,88,2017-48,2017-09-17,0.0,301.84714285714284,1009.7142857142857,83.42857142857143,181.16
89,89,2017-36,2017-09-24,14.0,302.07428571428574,1010.0,80.57142857142857,127.06
90,90,2017-49,2017-10-01,0.0,303.0657142857143,1009.2857142857143,75.14285714285714,29.8
91,91,2017-37,2017-10-08,15.0,302.31714285714287,1005.7142857142857,83.0,80.68
92,92,2017-50,2017-10-15,0.0,301.3314285714286,1006.7142857142857,84.28571428571429,170.0
93,93,2017-38,2017-10-22,13.0,302.1642857142857,1009.8571428571429,79.14285714285714,37.99
94,94,2017-51,2017-10-29,0.0,302.43857142857144,1008.0,79.71428571428571,134.7
95,95,2017-39,2017-11-05,10.0,302.77,1008.2857142857143,79.92857142857143,35.67
96,96,2017-40,2017-11-19,13.0,303.6671428571429,1008.8571428571429,76.57142857142857,8.870000000000001
97,97,2017-41,2017-11-26,7.0,303.6257142857143,1008.5714285714286,77.42857142857143,8.65
98,98,2017-42,2017-12-03,9.0,303.27714285714285,1008.4285714285714,75.85714285714286,12.99
99,99,2017-43,2017-12-10,13.0,300.80571428571426,1008.7142857142857,82.14285714285714,134.62
100,100,2017-44,2017-12-17,3.0,301.60571428571427,1008.0,82.85714285714286,69.08
101,101,2017-45,2017-12-24,5.0,302.2442857142857,1009.8571428571429,80.42857142857143,10.1
102,102,2017-46,2017-12-31,2.0,301.4585714285714,1008.8571428571429,80.57142857142857,37.76
103,103,2018-52,2018-01-07,4.0,301.8614285714286,1010.8571428571429,76.0,8.85
104,104,2018-1,2018-01-14,11.0,300.6042857142857,1009.4285714285714,81.28571428571429,94.93
105,105,2018-2,2018-01-21,7.0,302.3285714285715,1008.1428571428571,75.42857142857143,45.12
106,106,2018-3,2018-01-28,10.0,301.2728571428571,1011.0,75.28571428571429,80.09
107,107,2018-4,2018-02-04,9.0,301.1871428571429,1010.8571428571429,71.57142857142857,17.12
108,108,2018-5,2018-02-11,5.0,301.5042857142857,1011.7142857142857,77.57142857142857,111.32
109,109,2018-6,2018-02-18,4.0,302.84857142857146,1011.1428571428571,70.28571428571429,5.1899999999999995
110,110,2018-7,2018-02-25,4.0,303.0128571428572,1010.1428571428571,70.57142857142857,14.23
111,111,2018-8,2018-03-04,10.0,303.3614285714285,1010.7142857142857,66.57142857142857,0.65
112,112,2018-9,2018-03-11,8.0,302.55285714285714,1011.7142857142857,69.14285714285714,7.24
113,113,2018-10,2018-03-18,2.0,303.48999999999995,1010.2857142857143,66.14285714285714,5.7299999999999995
114,114,2018-11,2018-03-25,2.0,303.36,1010.1428571428571,62.142857142857146,8.78
115,115,2018-12,2018-04-01,5.0,303.2642857142857,1010.2857142857143,65.42857142857143,7.86
116,116,2018-13,2018-04-08,2.0,304.7885714285714,1010.7142857142857,64.14285714285714,13.1
117,117,2018-14,2018-04-15,3.0,305.4428571428571,1010.1428571428571,59.714285714285715,6.369999999999999
118,118,2018-15,2018-04-22,3.0,305.83714285714285,1009.5714285714286,59.714285714285715,10.86
119,119,2018-16,2018-04-29,5.0,304.53285714285715,1011.5714285714286,67.71428571428571,71.84
120,120,2018-17,2018-05-06,4.0,304.2471428571429,1011.2857142857143,67.85714285714286,18.43
121,121,2018-18,2018-05-13,4.0,304.7842857142858,1009.0,67.28571428571429,29.08
122,122,2018-19,2018-05-20,0.0,304.93142857142857,1009.2857142857143,67.85714285714286,40.379999999999995
123,123,2018-20,2018-05-27,2.0,303.7142857142857,1009.4285714285714,71.71428571428571,97.37
124,124,2018-21,2018-06-03,3.0,301.14142857142855,1009.1428571428571,83.85714285714286,84.46000000000001
125,125,2018-22,2018-06-10,5.0,302.2642857142857,1010.2857142857143,84.14285714285714,65.03
126,126,2018-23,2018-06-17,7.0,301.86285714285714,1011.1428571428571,80.85714285714286,62.089999999999996
127,127,2018-24,2018-06-24,7.0,301.87142857142857,1009.8571428571429,78.14285714285714,83.0
128,128,2018-25,2018-07-01,14.0,300.90142857142854,1009.4285714285714,84.71428571428571,94.39
129,129,2018-26,2018-07-08,14.0,300.20714285714286,1008.0,85.85714285714286,152.95999999999998
130,130,2018-27,2018-07-15,14.0,300.90714285714284,1007.5714285714286,87.42857142857143,135.33
131,131,2018-28,2018-07-22,31.0,301.07000000000005,1009.5714285714286,84.42857142857143,102.88
132,132,2018-29,2018-07-29,40.0,300.1042857142857,1009.7142857142857,86.71428571428571,186.03
133,133,2018-30,2018-08-05,39.0,300.7514285714286,1008.7142857142857,87.14285714285714,150.54
134,134,2018-31,2018-08-12,40.0,301.34999999999997,1008.2857142857143,85.85714285714286,91.15
135,135,2018-32,2018-08-19,59.0,301.87142857142857,1009.5714285714286,86.28571428571429,62.96
136,136,2018-33,2018-08-26,49.0,302.0585714285714,1010.4285714285714,76.42857142857143,76.14
137,137,2018-34,2018-09-02,58.0,300.5785714285715,1009.4285714285714,82.71428571428571,126.83
138,138,2018-35,2018-09-09,42.0,300.50714285714287,1009.1428571428571,84.0,126.62
139,139,2018-36,2018-09-16,45.0,301.9714285714286,1010.2857142857143,77.57142857142857,87.56
140,140,2018-37,2018-09-23,40.0,302.18857142857144,1009.1428571428571,79.71428571428571,22.05
141,141,2018-38,2018-09-30,26.0,302.29857142857145,1010.4285714285714,79.71428571428571,42.91
142,142,2018-39,2018-10-07,30.0,304.1271428571428,1010.4285714285714,70.85714285714286,16.560000000000002
143,143,2018-40,2018-10-14,30.0,302.4385714285714,1011.0,77.28571428571429,58.980000000000004
144,144,2018-41,2018-10-21,34.0,303.21857142857147,1011.5714285714286,70.28571428571429,10.850000000000001
145,145,2018-42,2018-10-28,14.0,302.61,1009.4285714285714,75.85714285714286,15.95
146,146,2018-43,2018-11-04,14.0,302.94714285714286,1010.1428571428571,72.71428571428571,7.38
147,147,2018-44,2018-11-11,20.0,302.65857142857146,1010.1428571428571,72.71428571428571,16.47
148,148,2018-45,2018-11-18,18.0,302.0042857142857,1011.1428571428571,76.42857142857143,65.25
149,149,2018-46,2018-11-25,13.0,302.6657142857143,1013.0,71.0,1.62
150,150,2018-47,2018-12-02,10.0,302.84000000000003,1010.4285714285714,74.0,4.9
151,151,2018-48,2018-12-09,13.0,302.74142857142857,1011.5714285714286,70.42857142857143,1.2999999999999998
152,152,2018-49,2018-12-16,10.0,302.13142857142856,1011.5714285714286,72.14285714285714,42.36
153,153,2018-50,2018-12-23,15.0,300.7742857142857,1008.0,80.71428571428571,92.17
154,154,2018-51,2018-12-30,22.0,301.73285714285714,1013.5714285714286,72.85714285714286,22.82
155,155,2019-52,2019-01-13,22.0,301.84714285714284,1011.2857142857143,67.28571428571429,0.0
156,156,2019-1,2019-01-20,48.0,301.46571428571434,1010.5714285714286,73.14285714285714,10.47
157,157,2019-2,2019-01-27,41.0,301.9785714285714,1014.2857142857143,62.142857142857146,0.0
158,158,2019-3,2019-02-03,45.0,303.5614285714286,1013.8571428571429,58.857142857142854,0.0
159,159,2019-4,2019-02-10,49.0,303.43857142857144,1016.2857142857143,59.285714285714285,3.4299999999999997
160,160,2019-5,2019-02-17,48.0,304.10571428571427,1015.0,53.0,0.0
161,161,2019-6,2019-02-24,40.0,304.3942857142857,1012.0,50.285714285714285,0.0
162,162,2019-7,2019-03-03,36.0,305.3728571428572,1012.1428571428571,52.57142857142857,0.79
163,163,2019-8,2019-03-10,37.0,305.81,1013.1428571428571,47.42857142857143,0.0
164,164,2019-9,2019-03-17,26.0,305.38,1012.0,52.857142857142854,6.08
165,165,2019-10,2019-03-24,25.0,304.11857142857144,1012.5714285714286,60.0,54.79
166,166,2019-11,2019-03-31,23.0,304.44,1012.5714285714286,56.57142857142857,21.380000000000003
167,167,2019-12,2019-04-07,21.0,304.46571428571434,1011.0,67.0,45.269999999999996
168,168,2019-13,2019-04-14,10.0,305.88571428571424,1011.0,56.714285714285715,0.0
169,169,2019-14,2019-04-21,6.0,307.63142857142856,1009.1428571428571,46.142857142857146,0.0
170,170,2019-15,2019-04-28,8.0,306.20714285714286,1010.5714285714286,56.857142857142854,7.470000000000001
171,171,2019-16,2019-05-05,17.0,304.2757142857143,1009.8571428571429,68.57142857142857,40.99
172,172,2019-17,2019-05-12,16.0,305.15000000000003,1010.8571428571429,66.0,27.1
173,173,2019-18,2019-05-19,15.0,303.60857142857145,1011.0,74.71428571428571,49.56
174,174,2019-19,2019-05-26,12.0,304.90999999999997,1009.4285714285714,67.28571428571429,37.22
175,175,2019-20,2019-06-02,16.0,304.09285714285716,1010.0,69.71428571428571,42.77
176,176,2019-21,2019-06-09,8.0,302.84714285714284,1010.0,79.0,89.66
177,177,2019-22,2019-06-16,18.0,303.2142857142857,1009.7142857142857,78.57142857142857,42.38
178,178,2019-23,2019-06-23,24.0,300.9557142857143,1010.1428571428571,85.85714285714286,140.31
179,179,2019-24,2019-06-30,45.0,301.3985714285714,1010.2857142857143,81.85714285714286,118.77
180,180,2019-25,2019-07-07,75.0,302.59000000000003,1011.2857142857143,77.42857142857143,83.2
181,181,2019-26,2019-07-14,110.0,300.7,1008.5714285714286,83.71428571428571,175.3
182,182,2019-27,2019-07-21,164.0,301.6842857142857,1009.7142857142857,82.85714285714286,84.9
183,183,2019-28,2019-07-28,311.0,300.5142857142857,1009.7142857142857,86.14285714285714,112.09
184,184,2019-29,2019-08-04,286.0,300.3771428571428,1007.0,86.14285714285714,169.79
185,185,2019-30,2019-08-11,319.0,302.6042857142857,1010.7142857142857,80.28571428571429,34.63
186,186,2019-31,2019-08-18,278.0,301.2271428571429,1010.2857142857143,86.71428571428571,73.22
187,187,2019-32,2019-08-25,193.0,301.06,1009.7142857142857,84.0,174.52
188,188,2019-33,2019-09-01,189.0,301.07428571428574,1009.8571428571429,78.42857142857143,8.22
189,189,2019-34,2019-09-08,142.0,301.11571428571426,1009.5714285714286,79.42857142857143,0.0
190,190,2019-35,2019-09-15,121.0,300.5828571428571,1010.5714285714286,83.85714285714286,0.0
191,191,2019-36,2019-09-22,96.0,304.2085714285714,1012.5714285714286,62.857142857142854,0.0
192,192,2019-37,2019-09-29,69.0,303.2628571428572,1011.4285714285714,65.28571428571429,0.0
193,193,2019-38,2019-10-06,62.0,303.5857142857143,1010.1428571428571,64.85714285714286,0.0
194,194,2019-39,2019-10-13,48.0,304.43142857142857,1010.8571428571429,59.285714285714285,0.0
195,195,2019-40,2019-10-20,57.0,303.68285714285713,1010.0,66.85714285714286,0.0
196,196,2019-41,2019-10-27,40.0,303.40999999999997,1008.2857142857143,65.71428571428571,0.0
197,197,2019-42,2019-11-03,27.0,300.34285714285716,1008.8571428571429,85.57142857142857,0.0
198,198,2019-43,2019-11-10,37.0,301.3,1010.1428571428571,74.28571428571429,0.0
199,199,2019-44,2019-11-17,34.0,302.04714285714283,1010.2857142857143,72.42857142857143,0.0
200,200,2019-45,2019-11-24,9.0,302.45285714285717,1010.2857142857143,72.0,0.0
201,201,2019-46,2019-12-01,11.0,301.8257142857143,1009.4285714285714,70.42857142857143,0.0
202,202,2019-47,2019-12-08,11.0,302.1471428571429,1011.1428571428571,72.85714285714286,0.0
203,203,2019-48,2019-12-15,17.0,302.17571428571426,1011.2857142857143,70.57142857142857,0.0
204,204,2019-49,2019-12-22,14.0,301.57142857142856,1010.4285714285714,73.28571428571429,0.0
205,205,2019-50,2019-12-29,6.0,301.75428571428574,1014.0,69.0,0.0
206,206,2020-51,2020-01-05,0.0,301.8942857142857,1011.1428571428571,69.28571428571429,0.0
207,207,2020-52,2020-01-12,9.0,302.3728571428572,1010.8571428571429,70.57142857142857,0.0
208,208,2020-1,2020-01-19,15.0,301.62857142857143,1014.1428571428571,68.42857142857143,0.0
209,209,2020-2,2020-01-26,17.0,302.0014285714286,1012.5714285714286,66.85714285714286,0.0
210,210,2020-3,2020-02-02,14.0,300.89,1013.2857142857143,69.71428571428571,0.0
211,211,2020-4,2020-02-09,12.0,301.2642857142857,1014.4285714285714,68.14285714285714,0.0
212,212,2020-5,2020-02-16,22.0,301.3728571428572,1015.0,67.71428571428571,0.0
213,213,2020-6,2020-02-23,10.0,301.7657142857143,1012.8571428571429,66.57142857142857,0.0
214,214,2020-7,2020-03-01,14.0,302.1014285714286,1011.7142857142857,66.57142857142857,0.0
215,215,2020-8,2020-03-08,14.0,302.87,1013.7142857142857,65.14285714285714,0.0
216,216,2020-9,2020-03-15,12.0,302.9942857142857,1013.7142857142857,59.57142857142857,0.0
217,217,2020-10,2020-03-22,10.0,303.53428571428566,1011.5714285714286,60.42857142857143,0.0
218,218,2020-11,2020-03-29,11.0,304.06857142857143,1012.1428571428571,57.42857142857143,0.0
219,219,2020-12,2020-04-05,5.0,304.37142857142857,1013.0,54.42857142857143,0.0
220,220,2020-13,2020-04-12,0.0,304.36428571428576,1012.5714285714286,59.57142857142857,0.0
221,221,2020-14,2020-04-19,1.0,305.79285714285714,1011.0,53.57142857142857,0.0
222,222,2020-15,2020-04-26,1.0,305.88428571428574,1010.2857142857143,52.57142857142857,0.25
223,223,2020-16,2020-05-03,2.0,306.15000000000003,1009.7142857142857,56.42857142857143,39.66
224,224,2020-17,2020-05-10,0.0,305.89285714285717,1008.7142857142857,58.0,43.04
225,225,2020-18,2020-05-17,1.0,305.20142857142855,1008.5714285714286,62.285714285714285,36.48
226,226,2020-19,2020-05-24,0.0,305.8328571428571,1011.2857142857143,57.857142857142854,33.45
227,227,2020-20,2020-05-31,1.0,305.4042857142857,1010.4285714285714,57.57142857142857,10.47
228,228,2020-21,2020-06-07,3.0,303.9857142857143,1008.4285714285714,63.42857142857143,43.85
229,229,2020-22,2020-06-14,3.0,304.3014285714286,1009.8571428571429,61.714285714285715,56.81
230,230,2020-23,2020-06-21,2.0,304.71714285714285,1008.4285714285714,62.857142857142854,58.260000000000005
231,231,2020-24,2020-06-28,4.0,303.1528571428571,1009.5714285714286,66.0,48.81
232,232,2020-25,2020-07-05,2.0,304.38571428571424,1008.8571428571429,63.142857142857146,25.5
233,233,2020-26,2020-07-12,7.0,303.3314285714286,1008.8571428571429,68.0,37.76
234,234,2020-27,2020-07-19,5.0,303.42,1008.5714285714286,68.85714285714286,74.51
235,235,2020-28,2020-07-26,4.0,302.6057142857143,1007.7142857142857,72.85714285714286,89.06
236,236,2020-29,2020-08-02,9.0,303.0728571428572,1007.8571428571429,71.57142857142857,72.41
237,237,2020-30,2020-08-09,6.0,303.28999999999996,1010.1428571428571,68.85714285714286,49.32
238,238,2020-31,2020-08-16,5.0,302.36,1008.8571428571429,74.71428571428571,67.3
239,239,2020-32,2020-08-23,8.0,303.61,1009.0,68.42857142857143,16.88
240,240,2020-33,2020-08-30,3.0,303.5371428571429,1008.1428571428571,68.0,19.72
241,241,2020-34,2020-09-06,2.0,303.8542857142857,1008.4285714285714,68.28571428571429,82.28999999999999
242,242,2020-35,2020-09-13,3.0,301.61,1008.7142857142857,78.85714285714286,190.18
243,243,2020-36,2020-09-20,3.0,302.3285714285715,1008.4285714285714,75.57142857142857,60.75
244,244,2020-37,2020-09-27,1.0,303.30428571428575,1008.1428571428571,70.14285714285714,57.7
245,245,2020-38,2020-10-04,0.0,302.8828571428571,1006.8571428571429,73.0,122.49
246,246,2020-39,2020-10-11,0.0,302.26142857142855,1007.1428571428571,72.85714285714286,80.71
247,247,2020-40,2020-10-18,1.0,302.2042857142857,1007.0,76.42857142857143,68.52
248,248,2020-41,2020-10-25,2.0,301.8014285714285,1008.1428571428571,76.71428571428571,151.66
249,249,2020-42,2020-11-01,0.0,301.6328571428571,1009.2857142857143,77.71428571428571,71.42
250,250,2020-43,2020-11-08,1.0,302.80285714285714,1008.5714285714286,70.57142857142857,156.7
251,251,2020-44,2020-11-15,2.0,303.45714285714286,1009.0,71.42857142857143,65.55
252,252,2020-45,2020-11-22,3.0,302.2242857142857,1009.2857142857143,74.71428571428571,108.02
253,253,2020-46,2020-11-29,8.0,302.6542857142857,1008.0,71.85714285714286,242.48000000000002
254,254,2020-47,2020-12-06,1.0,303.23999999999995,1009.2857142857143,72.42857142857143,82.03
255,255,2020-48,2020-12-13,0.0,301.8771428571428,1008.4285714285714,76.0,152.16
256,256,2020-49,2020-12-20,3.0,302.53000000000003,1008.5714285714286,74.28571428571429,115.53
257,257,2020-50,2020-12-27,5.0,302.276,1008.2,74.0,102.02
258,0,2022-1,2022-01-01,7.0,298.38,1013.0,87.0,3.14
259,1,2022-2,2022-01-08,1.0,302.23,1011.0,68.0,0.0
260,2,2022-3,2022-01-15,2.0,300.74,1013.0,58.0,0.0
261,3,2022-4,2022-01-22,3.0,302.42,1010.0,63.0,0.0
262,4,2022-5,2022-01-29,3.0,303.37,1010.0,64.0,0.42
263,5,2022-6,2022-02-05,3.0,301.28,1011.0,69.0,0.0
264,6,2022-7,2022-02-12,1.0,302.67,1008.0,69.0,8.65
265,7,2022-8,2022-02-19,1.0,304.0,1009.0,62.0,0.0
266,8,2022-9,2022-02-26,1.0,302.96,1012.0,58.0,0.0
267,9,2022-10,2022-03-05,1.0,304.33,1009.0,59.0,0.4
268,10,2022-11,2022-03-12,1.0,304.28,1007.0,65.0,8.13
269,11,2022-12,2022-03-19,2.0,305.86,1007.0,55.0,0.0
270,12,2022-13,2022-03-26,2.0,305.77,1011.0,47.0,0.0
271,13,2022-14,2022-04-02,4.0,304.49,1010.0,53.0,0.0
272,14,2022-15,2022-04-09,6.0,302.26,1007.0,65.0,4.24
273,15,2022-16,2022-04-16,0.0,302.93,1009.0,65.0,0.0
274,16,2022-17,2022-04-23,3.0,304.9,1009.0,58.0,0.0
275,17,2022-18,2022-04-30,9.0,304.2,1009.0,64.0,0.0
276,18,2022-19,2022-05-07,12.0,305.68,1008.0,57.0,0.0
277,19,2022-20,2022-05-14,17.0,304.41,1009.0,62.0,7.63
278,20,2022-21,2022-05-21,9.0,300.89,1009.0,76.0,23.96
279,21,2022-22,2022-05-28,19.0,302.98,1009.0,69.0,7.18
280,22,2022-23,2022-06-04,30.0,304.62,1010.0,61.0,0.13
281,23,2022-24,2022-06-11,15.0,303.69,1009.0,65.0,10.31
282,24,2022-25,2022-06-18,20.0,305.12,1008.0,60.0,0.37
283,25,2022-26,2022-06-25,36.0,303.79,1008.0,66.0,0.24
284,26,2022-27,2022-07-02,69.0,302.83,1007.0,68.0,4.06
285,27,2022-28,2022-07-09,87.0,302.03,1006.0,74.0,0.59
286,28,2022-29,2022-07-16,91.0,302.46,1008.0,74.0,15.91
287,29,2022-30,2022-07-23,95.0,303.8,1008.0,68.0,0.47
288,30,2022-31,2022-07-30,109.0,301.57,1008.0,77.0,9.22
289,31,2022-32,2022-08-06,139.0,302.4,1007.0,68.0,15.29
290,32,2022-33,2022-08-13,27.0,303.44,1008.0,68.0,44.93
291,33,2022-34,2022-08-20,29.0,302.55,1009.0,68.0,3.38
292,34,2022-35,2022-08-27,29.0,302.43,1007.0,72.0,2.76
293,35,2022-36,2022-09-03,28.0,303.1,1008.0,71.0,0.0
294,36,2022-37,2022-09-10,26.0,302.59,1010.0,73.0,0.0
295,37,2022-38,2022-09-17,20.0,302.61,1008.0,71.0,1.51
296,38,2022-39,2022-09-24,21.0,303.17,1006.0,67.0,35.16
297,39,2022-40,2022-10-01,18.0,303.91,1009.0,67.0,0.0
298,40,2022-41,2022-10-08,7.0,303.31,1009.0,71.0,7.35
299,41,2022-42,2022-10-15,6.0,302.87,1006.0,71.0,0.49
300,42,2022-43,2022-10-22,6.0,304.27,1010.0,67.0,8.65
301,43,2022-44,2022-10-29,10.0,300.18,1002.0,84.0,95.64
302,44,2022-45,2022-11-05,10.0,303.38,1011.0,69.0,0.0
303,45,2022-46,2022-11-12,7.0,303.42,1008.0,71.0,0.0
304,46,2022-47,2022-11-19,10.0,299.13,1008.0,86.0,0.56
305,47,2022-48,2022-11-26,18.0,302.65,1011.0,68.0,0.0
306,48,2022-49,2022-12-03,12.0,302.46,1008.0,74.0,0.0
307,49,2022-50,2022-12-10,6.0,300.72,1006.0,81.0,19.25
308,50,2022-51,2022-12-17,7.0,302.79,1008.0,67.0,0.0
309,51,2022-52,2022-12-24,4.0,299.46,1007.0,81.0,0.14
310,52,2023-1,2023-01-01,18.0,302.21,1011.0,71.0,2.5
311,53,2023-2,2023-01-08,8.0,298.88,1013.0,76.0,2.0
312,54,2023-3,2023-01-15,19.0,300.47,1006.0,80.0,0.0
313,55,2023-4,2023-01-22,12.0,301.25,1009.0,72.0,2.64
314,56,2023-5,2023-01-29,17.0,300.78,1009.0,75.0,0.96
315,57,2023-6,2023-02-05,19.0,302.35,1009.0,65.0,0.0
316,58,2023-7,2023-02-12,21.0,302.16,1011.0,60.0,0.0
317,59,2023-8,2023-02-19,11.0,300.89,1007.0,76.0,0.0
318,60,2023-9,2023-02-26,11.0,302.83,1012.0,63.0,0.0
319,61,2023-10,2023-03-05,6.0,301.24,1013.0,69.0,0.15
320,62,2023-11,2023-03-12,8.0,302.38,1011.0,55.0,0.0
321,63,2023-12,2023-03-19,15.0,303.04,1011.0,63.0,0.0
322,64,2023-13,2023-03-26,11.0,304.74,1009.0,57.0,0.0
323,65,2023-14,2023-04-02,12.0,304.39,1009.0,59.0,0.0
324,66,2023-15,2023-04-09,11.0,303.13,1011.0,62.0,0.0
325,67,2023-16,2023-04-16,11.0,303.94,1008.0,61.0,0.0
326,68,2023-17,2023-04-23,15.0,305.91,1009.0,57.0,0.0
327,69,2023-18,2023-04-30,17.0,306.03,1007.0,56.0,2.27
328,70,2023-19,2023-05-07,15.0,304.42,1007.0,63.0,1.15
329,71,2023-20,2023-05-14,6.0,305.11,1010.0,58.0,0.0
330,72,2023-21,2023-05-21,17.0,303.53,1011.0,66.0,0.0
331,73,2023-22,2023-05-28,12.0,304.22,1006.0,65.0,0.0
332,74,2023-23,2023-06-04,27.0,303.03,1008.0,68.0,15.57
333,75,2023-24,2023-06-11,20.0,303.1,1008.0,71.0,2.0
334,76,2023-25,2023-06-18,12.0,304.23,1010.0,64.0,3.37
335,77,2023-26,2023-06-25,37.0,302.87,1008.0,66.0,6.5600000000000005
336,78,2023-27,2023-07-02,30.0,304.1,1010.0,69.0,0.0
337,79,2023-28,2023-07-09,54.0,302.69,1010.0,71.0,24.91
338,80,2023-29,2023-07-16,45.0,301.94,1007.0,77.0,2.26
339,81,2023-30,2023-07-23,47.0,299.51,1009.0,84.0,13.18
340,82,2023-31,2023-07-30,28.0,302.41,1010.0,72.0,18.26
341,83,2023-32,2023-08-06,40.0,304.2,1009.0,64.0,0.0
342,84,2023-33,2023-08-13,41.0,303.32,1009.0,69.0,6.75
343,85,2023-34,2023-08-20,42.0,301.89,1010.0,77.0,9.86
344,86,2023-35,2023-08-27,22.0,303.07,1006.0,68.0,4.99
345,87,2023-36,2023-09-03,31.0,301.77,1008.0,81.0,1.94
346,88,2023-37,2023-09-10,35.0,303.09,1009.0,70.0,4.76
347,89,2023-38,2023-09-17,22.0,303.66,1009.0,68.0,0.15
348,90,2023-39,2023-09-24,27.0,300.21,1009.0,86.0,2.09
349,91,2023-40,2023-10-01,44.0,301.58,1008.0,83.0,2.67
350,92,2023-41,2023-10-08,42.0,303.82,1010.0,68.0,2.99
351,93,2023-42,2023-10-15,52.0,302.83,1010.0,70.0,0.0
352,94,2023-43,2023-10-22,33.0,303.7,1011.0,65.0,6.66
353,95,2023-44,2023-10-29,34.0,303.74,1010.0,67.0,1.66
354,96,2023-45,2023-11-05,36.0,304.07,1010.0,68.0,1.6
355,97,2023-46,2023-11-12,40.0,303.84,1011.0,67.0,0.0
356,98,2023-47,2023-11-19,38.0,299.63,1009.0,87.0,1.13
357,99,2023-48,2023-11-26,31.0,302.77,1009.0,69.0,0.0
358,100,2023-49,2023-12-03,31.0,302.86,1010.0,69.0,0.0
359,101,2023-50,2023-12-10,32.0,302.75,1009.0,67.0,0.0
360,102,2023-51,2023-12-17,21.0,302.4,1011.0,68.0,0.0
361,103,2023-52,2023-12-24,14.0,303.14,1013.0,66.0,0.0
362,104,2024-1,2024-01-01,17.0,303.74,1010.0,68.0,0.0
363,105,2024-2,2024-01-08,18.0,303.47,1011.0,64.0,0.0
364,106,2024-3,2024-01-15,22.0,301.85,1011.0,68.0,0.0
365,107,2024-4,2024-01-22,18.0,303.34,1011.0,62.0,0.0
366,108,2024-5,2024-01-29,14.0,301.86,1015.0,61.0,0.0
367,109,2024-6,2024-02-05,13.0,303.38,1014.0,58.0,0.0
368,110,2024-7,2024-02-12,14.0,301.42,1015.0,67.0,0.0
369,111,2024-8,2024-02-19,20.0,303.31,1013.0,55.0,0.0
370,112,2024-9,2024-02-26,11.0,303.41,1013.0,53.0,0.0
371,113,2024-10,2024-03-04,15.0,304.71,1011.0,55.0,0.0
372,114,2024-11,2024-03-11,8.0,304.69,1013.0,50.0,0.0
373,115,2024-12,2024-03-18,11.0,304.46,1011.0,49.0,0.0
374,116,2024-13,2024-03-25,9.0,304.7,1012.0,52.0,0.0
375,117,2024-14,2024-04-01,8.0,306.88,1011.0,45.0,0.0
376,118,2024-15,2024-04-08,3.0,306.6,1010.0,38.0,0.0
377,119,2024-16,2024-04-15,9.0,306.56,1011.0,53.0,0.13
378,120,2024-17,2024-04-22,3.0,306.91,1008.0,54.0,0.0
379,121,2024-18,2024-04-29,6.0,306.75,1009.0,46.0,0.0
380,122,2024-19,2024-05-06,7.0,306.66,1009.0,54.0,0.0
381,123,2024-20,2024-05-13,4.0,307.83,1008.0,50.0,0.0
382,124,2024-21,2024-05-20,6.0,306.77,1007.0,52.0,7.49
383,125,2024-22,2024-05-27,1.0,304.03,1008.0,69.0,21.36
384,126,2024-23,2024-06-03,7.0,305.39,1008.0,61.0,0.45
385,127,2024-24,2024-06-10,4.0,306.09,1010.0,58.0,13.81
386,128,2024-25,2024-06-17,4.0,303.4,1009.0,69.0,17.88
387,129,2024-26,2024-06-24,14.0,303.1,1009.0,72.0,4.53
388,130,2024-27,2024-07-01,28.0,302.61,1009.0,72.0,15.29
389,131,2024-28,2024-07-08,40.0,303.1,1008.0,72.0,52.13
390,132,2024-29,2024-07-15,73.0,301.54,1008.0,79.0,4.27
391,133,2024-30,2024-07-22,84.0,301.48,1009.0,76.0,48.5
392,134,2024-31,2024-07-29,181.0,302.75,1009.0,71.0,0.0
393,135,2024-32,2024-08-05,226.0,302.21,1009.0,75.0,8.78
394,136,2024-33,2024-08-12,205.0,303.05,1007.0,70.0,4.91
395,137,2024-34,2024-08-19,209.0,303.62,1009.0,67.0,11.63
396,138,2024-35,2024-08-26,162.0,302.49,1008.0,73.0,10.55
397,139,2024-36,2024-09-02,103.0,301.38,1009.0,83.0,9.78
